Time (min),No QEC,No QEC_mean,No QEC_se,Surface Only,Surface Only_mean,Surface Only_se,Surface+Color,Surface+Color_mean,Surface+Color_se,Full 3-Layer,Full 3-Layer_mean,Full 3-Layer_se
0,0.999999 ± 0.000000,0.9999994484587242,2.400943525037158e-07,1.000000 ± 0.000000,0.9999997150976222,1.46067792790056e-07,1.000000 ± 0.000000,0.9999996308745208,1.5468063187105794e-07,0.999999 ± 0.000000,0.9999992869822337,2.6515628454768e-07
1,0.990933 ± 0.000009,0.9909331218845747,8.589278527675621e-06,0.999280 ± 0.000000,0.9992797278937298,3.561561815175307e-07,0.999922 ± 0.000000,0.9999224462373226,2.887256243721405e-07,0.999999 ± 0.000000,0.9999993877286835,2.0968092341110593e-07
5,0.955118 ± 0.000252,0.9551180947690205,0.0002516397051958001,0.996399 ± 0.000009,0.9963989678589634,8.845679813647245e-06,0.999610 ± 0.000000,0.999609795099097,2.7791108750270215e-07,0.999998 ± 0.000000,0.9999982307166299,2.1712872020073111e-07
15,0.872491 ± 0.003280,0.8724912843589172,0.0032796094469642015,0.988891 ± 0.000289,0.9888911655172052,0.00028936782529662223,0.998830 ± 0.000012,0.9988301510034653,1.1754198523987108e-05,0.999995 ± 0.000000,0.999995078649855,3.293637706499883e-07
30,0.763526 ± 0.003250,0.763526315428732,0.0032498464655812092,0.978805 ± 0.000175,0.9788046541169102,0.00017464886728765097,0.997666 ± 0.000016,0.9976663034051223,1.556339428618288e-05,0.999989 ± 0.000000,0.9999892118931918,2.37480199886497e-07
60,0.577515 ± 0.001733,0.577514920144333,0.0017331482869298706,0.957667 ± 0.000314,0.9576666038103425,0.00031350530619632383,0.995329 ± 0.000013,0.995328521564493,1.2875544435123658e-05,0.999978 ± 0.000000,0.9999780179877448,3.072006675122236e-07
